<?xml version="1.0" encoding="UTF-8"?>
<!--
/*
###############################################################################
# If you use PhysiCell in your project, please cite PhysiCell and the version #
# number, such as below:                                                      #
#                                                                             #
# We implemented and solved the model using PhysiCell (Version x.y.z) [1].    #
#                                                                             #
# [1] A Ghaffarizadeh, R Heiland, SH Friedman, SM Mumenthaler, and P Macklin, #
#     PhysiCell: an Open Source Physics-Based Cell Simulator for Multicellu-  #
#     lar Systems, PLoS Comput. Biol. 14(2): e1005991, 2018                   #
#     DOI: 10.1371/journal.pcbi.1005991                                       #
#                                                                             #
# See VERSION.txt or call get_PhysiCell_version() to get the current version  #
#     x.y.z. Call display_citations() to get detailed information on all cite-#
#     able software used in your PhysiCell application.                       #
#                                                                             #
# Because PhysiCell extensively uses BioFVM, we suggest you also cite BioFVM  #
#     as below:                                                               #
#                                                                             #
# We implemented and solved the model using PhysiCell (Version x.y.z) [1],    #
# with BioFVM [2] to solve the transport equations.                           #
#                                                                             #
# [1] A Ghaffarizadeh, R Heiland, SH Friedman, SM Mumenthaler, and P Macklin, #
#     PhysiCell: an Open Source Physics-Based Cell Simulator for Multicellu-  #
#     lar Systems, PLoS Comput. Biol. 14(2): e1005991, 2018                   #
#     DOI: 10.1371/journal.pcbi.1005991                                       #
#                                                                             #
# [2] A Ghaffarizadeh, SH Friedman, and P Macklin, BioFVM: an efficient para- #
#     llelized diffusive transport solver for 3-D biological simulations,     #
#     Bioinformatics 32(8): 1256-8, 2016. DOI: 10.1093/bioinformatics/btv730  #
#                                                                             #
###############################################################################
#                                                                             #
# BSD 3-Clause License (see https://opensource.org/licenses/BSD-3-Clause)     #
#                                                                             #
# Copyright (c) 2015-2018, Paul Macklin and the PhysiCell Project             #
# All rights reserved.                                                        #
#                                                                             #
# Redistribution and use in source and binary forms, with or without          #
# modification, are permitted provided that the following conditions are met: #
#                                                                             #
# 1. Redistributions of source code must retain the above copyright notice,   #
# this list of conditions and the following disclaimer.                       #
#                                                                             #
# 2. Redistributions in binary form must reproduce the above copyright        #
# notice, this list of conditions and the following disclaimer in the         #
# documentation and/or other materials provided with the distribution.        #
#                                                                             #
# 3. Neither the name of the copyright holder nor the names of its            #
# contributors may be used to endorse or promote products derived from this   #
# software without specific prior written permission.                         #
#                                                                             #
# THIS SOFTWARE IS PROVIDED BY THE COPYRIGHT HOLDERS AND CONTRIBUTORS "AS IS" #
# AND ANY EXPRESS OR IMPLIED WARRANTIES, INCLUDING, BUT NOT LIMITED TO, THE   #
# IMPLIED WARRANTIES OF MERCHANTABILITY AND FITNESS FOR A PARTICULAR PURPOSE  #
# ARE DISCLAIMED. IN NO EVENT SHALL THE COPYRIGHT HOLDER OR CONTRIBUTORS BE   #
# LIABLE FOR ANY DIRECT, INDIRECT, INCIDENTAL, SPECIAL, EXEMPLARY, OR         #
# CONSEQUENTIAL DAMAGES (INCLUDING, BUT NOT LIMITED TO, PROCUREMENT OF        #
# SUBSTITUTE GOODS OR SERVICES; LOSS OF USE, DATA, OR PROFITS; OR BUSINESS    #
# INTERRUPTION) HOWEVER CAUSED AND ON ANY THEORY OF LIABILITY, WHETHER IN     #
# CONTRACT, STRICT LIABILITY, OR TORT (INCLUDING NEGLIGENCE OR OTHERWISE)     #
# ARISING IN ANY WAY OUT OF THE USE OF THIS SOFTWARE, EVEN IF ADVISED OF THE  #
# POSSIBILITY OF SUCH DAMAGE.                                                 #
#                                                                             #
###############################################################################
*/
--> 

<!--
<user_details />
-->

<PhysiCell_settings version="devel-version">
	<domain>
		<x_min>-750</x_min>
		<x_max>750</x_max>
		<y_min>-750</y_min>
		<y_max>750</y_max>
		<z_min>-10</z_min>
		<z_max>10</z_max>
		<dx>20</dx>
		<dy>20</dy>
		<dz>20</dz>
		<use_2D>true</use_2D>
	</domain>
	
	<overall>
		<max_time units="min">14400</max_time> <!-- 10 days * 24 h * 60 min -->
		<time_units>min</time_units>
		<space_units>micron</space_units>
	</overall>
	
	<parallel>
		<omp_num_threads>4</omp_num_threads>
	</parallel> 
	
	<save>
		<folder>.</folder> <!-- use . for root --> 

		<full_data>
			<interval units="min">60</interval>
			<enable>true</enable>
		</full_data>
		
		<SVG>
			<interval units="min">60</interval>
			<enable>true</enable>
		</SVG>
		
		<legacy_data>
			<enable>false</enable>
		</legacy_data>
	</save>
	
	<user_parameters>
		<random_seed type="int" units="dimensionless">0</random_seed> 
		
		<!-- for main --> 
		<therapy_activation_time type="double" units="min">10080</therapy_activation_time> 
			<!-- activate in 7 days --> 
		<save_interval_after_therapy_start type="double" units="min">3</save_interval_after_therapy_start>
		
		<!-- cargo cell setup --> 
		<cargo_o2_relative_uptake type="double" units="dimensionless">0.1</cargo_o2_relative_uptake>
		<cargo_apoptosis_rate type="double" units="1/min">4.065e-5</cargo_apoptosis_rate> 
			<!-- survive 10 days -->
		<cargo_relative_adhesion type="double" units="dimensionless">0</cargo_relative_adhesion>
		<cargo_relative_repulsion type="double" units="dimensionless">5</cargo_relative_repulsion> 
		

		<!-- worker cell setup --> 
		<worker_o2_relative_uptake type="double" units="1/min">0.1</worker_o2_relative_uptake>
		<worker_apoptosis_rate type="double" units="1/min">0</worker_apoptosis_rate>
		<worker_motility_persistence_time type="double" units="min">5.0</worker_motility_persistence_time>
		<worker_migration_speed type="double" units="micron/min">2.0</worker_migration_speed>
		<attached_worker_migration_bias type="double" units="min">1.0</attached_worker_migration_bias>
		<unattached_worker_migration_bias type="double" units="min">1.0</unattached_worker_migration_bias>
		<worker_relative_adhesion type="double" units="dimensionless">0</worker_relative_adhesion>
		<worker_relative_repulsion type="double" units="dimensionless">5</worker_relative_repulsion> 

		<!-- for cell definitions -->
		<elastic_coefficient type="double" units="1/min">0.05</elastic_coefficient>		
		<receptor type="double" units="dimensionless">0.0</receptor>
		<cargo_release_o2_threshold type="double" units="mmHg">10</cargo_release_o2_threshold>
		
		<max_relative_cell_adhesion_distance type="double" units="dimensionless">1.25</max_relative_cell_adhesion_distance>
			<!-- how far out can cancer cells "feel" to close gaps? default is 1.25 -->
		
		<!-- for therapy --> 
		<damage_rate type="double" units="1/min">0.03333</damage_rate> <!-- 1/30 --> 
		<repair_rate type="double" units="1/min">0.004167</repair_rate> <!-- 1/240 --> 
		<drug_death_rate type="double" units="1/min">0.004167</drug_death_rate> <!-- 1/240 --> 
		
		<worker_fraction type="double" units="dimensionless">0.10</worker_fraction>
		<number_of_injected_cells type="int" units="dimensionless">500</number_of_injected_cells>
		
		<!-- tissue setup -->
		<tumor_radius type="double" units="micron">200</tumor_radius> 
		
		<!-- custom mechanics --> 
		<max_elastic_displacement type="double" units="micron">50.0</max_elastic_displacement>
		
		<!-- attachment parameters --> 
		<attachment_receptor_threshold type="double" units="dimensionless">0.1</attachment_receptor_threshold>
		<max_attachment_distance type="double" units="micron">18.0</max_attachment_distance>
		<min_attachment_distance type="double" units="micron">14.0</min_attachment_distance>
		
		<!-- worker cell motility parameters -->
		<motility_shutdown_detection_threshold type="double" units="dimensionless">0.001</motility_shutdown_detection_threshold>
			<!-- shut down worker motility if signal < motility_shutdown_detection_threshold -->
		<attached_worker_migration_bias type="double" units="dimensionless">0.5</attached_worker_migration_bias>
		<unattached_worker_migration_bias type="double" units="dimensionless">0.5</unattached_worker_migration_bias>
	</user_parameters>
	
</PhysiCell_settings>
